{"cameraMode":{"drawMode":0,"name":"Shaded","section":"Shading Mode"},"sceneLighting":false,"audioPlay":false,"sceneViewState":{"showFog":true,"showMaterialUpdate":false,"showSkybox":false,"showFlares":true,"showImageEffects":true,"showParticleSystems":true},"in2DMode":false,"pivot":{"x":0.05081653594970703,"y":-5.376093864440918,"z":2.3114805221557619},"rotation":{"x":0.38006511330604555,"y":-0.6198096871376038,"z":0.4774699807167053,"w":0.49336716532707217},"size":7.549230098724365,"orthographic":true}