{"cameraMode":{"drawMode":0,"name":"Shaded","section":"Shading Mode"},"sceneLighting":false,"audioPlay":false,"sceneViewState":{"showFog":true,"showMaterialUpdate":false,"showSkybox":false,"showFlares":true,"showImageEffects":true,"showParticleSystems":true},"in2DMode":false,"pivot":{"x":10.250565528869629,"y":-97.199951171875,"z":95.42266845703125},"rotation":{"x":-0.6231520771980286,"y":0.24322840571403504,"z":-0.21281757950782777,"w":-0.712202787399292},"size":150.41262817382813,"orthographic":false}