{"cameraMode":{"drawMode":0,"name":"Shaded","section":"Shading Mode"},"sceneLighting":false,"audioPlay":false,"sceneViewState":{"showFog":true,"showMaterialUpdate":false,"showSkybox":false,"showFlares":true,"showImageEffects":true,"showParticleSystems":true},"in2DMode":false,"pivot":{"x":6.405986785888672,"y":2.1468753814697267,"z":23.31203842163086},"rotation":{"x":0.48418691754341128,"y":-0.3116562068462372,"z":0.1897505223751068,"w":0.7952539920806885},"size":22.781856536865236,"orthographic":true}