{"cameraMode":{"drawMode":0,"name":"Shaded","section":"Shading Mode"},"sceneLighting":false,"audioPlay":false,"sceneViewState":{"showFog":true,"showMaterialUpdate":false,"showSkybox":false,"showFlares":true,"showImageEffects":true,"showParticleSystems":true},"in2DMode":false,"pivot":{"x":8.21670150756836,"y":-8.966072082519532,"z":85.47659301757813},"rotation":{"x":0.2951863408088684,"y":-0.6015759706497192,"z":0.25469687581062319,"w":0.697208821773529},"size":33.81871032714844,"orthographic":false}