{"cameraMode":{"drawMode":0,"name":"Shaded","section":"Shading Mode"},"sceneLighting":false,"audioPlay":false,"sceneViewState":{"showFog":true,"showMaterialUpdate":false,"showSkybox":false,"showFlares":true,"showImageEffects":true,"showParticleSystems":true},"in2DMode":false,"pivot":{"x":0.0,"y":7.928260326385498,"z":-0.009843766689300537},"rotation":{"x":-0.05914650857448578,"y":0.9362496733665466,"z":-0.19222529232501985,"w":-0.2880779504776001},"size":1.7957028150558472,"orthographic":false}