{"cameraMode":{"drawMode":0,"name":"Shaded","section":"Shading Mode"},"sceneLighting":true,"audioPlay":false,"sceneViewState":{"showFog":true,"showMaterialUpdate":false,"showSkybox":true,"showFlares":true,"showImageEffects":true,"showParticleSystems":true},"in2DMode":false,"pivot":{"x":-28.574907302856447,"y":-267.0152893066406,"z":23.759981155395509},"rotation":{"x":0.20870745182037354,"y":-0.6186565160751343,"z":0.1752212792634964,"w":0.736887514591217},"size":2.8578836917877199,"orthographic":true}